España;es;Zamora;Mañaria
España;es;Zamora;Markina-Xemein
España;es;Zamora;Maruri-Jatabe
España;es;Zamora;Mendata
España;es;Zamora;Mendexa
España;es;Zamora;Meñaka
España;es;Zamora;Morga
España;es;Zamora;Mundaka
España;es;Zamora;Mungia
España;es;Zamora;Munitibar-Arbatzegi Gerrikaitz
España;es;Zamora;Murueta
España;es;Zamora;Muskiz
España;es;Zamora;Muxika
España;es;Zamora;Nabarniz
España;es;Zamora;Ondarroa
España;es;Zamora;Orozko
España;es;Zamora;Ortuella
España;es;Zamora;Otxandio
España;es;Zamora;Plentzia
España;es;Zamora;Portugalete
España;es;Zamora;Santurtzi
España;es;Zamora;Sestao
España;es;Zamora;Sondika
España;es;Zamora;Sopelana
España;es;Zamora;Sopuerta
España;es;Zamora;Sukarrieta
España;es;Zamora;Trucios-Turtzioz
España;es;Zamora;Ubide
España;es;Zamora;Ugao-Miraballes
España;es;Zamora;Urduliz
España;es;Zamora;Urduña-Orduña
España;es;Zamora;Valle de Trápaga-Trapagaran
España;es;Zamora;Zaldibar
España;es;Zamora;Zalla
España;es;Zamora;Zamudio
España;es;Zamora;Zaratamo
España;es;Zamora;Zeanuri
España;es;Zamora;Zeberio
España;es;Zamora;Zierbena
España;es;Zamora;Ziortza-Bolibar
España;es;Zamora;Abezames
España;es;Zaragoza;Alcañices
España;es;Zaragoza;Alcubilla de Nogales
España;es;Zaragoza;Alfaraz de Sayago
España;es;Zaragoza;Algodre
España;es;Zaragoza;Almaraz de Duero
España;es;Zaragoza;Almeida de Sayago
España;es;Zaragoza;Andavías
España;es;Zaragoza;Arcenillas
España;es;Zaragoza;Arcos de la Polvorosa
España;es;Zaragoza;Argañín
España;es;Zaragoza;Argujillo
España;es;Zaragoza;Arquillinos
España;es;Zaragoza;Arrabalde
España;es;Zaragoza;Aspariegos
España;es;Zaragoza;Asturianos
España;es;Zaragoza;Ayoó de Vidriales
España;es;Zaragoza;Barcial del Barco
España;es;Zaragoza;Belver de los Montes
España;es;Zaragoza;Benavente
España;es;Zaragoza;Benegiles
España;es;Zaragoza;Bermillo de Sayago
España;es;Zaragoza;Bóveda de Toro (La)
España;es;Zaragoza;Bretó
España;es;Zaragoza;Bretocino
España;es;Zaragoza;Brime de Sog
España;es;Zaragoza;Brime de Urz
España;es;Zaragoza;Burganes de Valverde
España;es;Zaragoza;Bustillo del Oro
España;es;Zaragoza;Cabañas de Sayago
España;es;Zaragoza;Calzadilla de Tera
España;es;Zaragoza;Camarzana de Tera
España;es;Zaragoza;Cañizal
España;es;Zaragoza;Cañizo
España;es;Zaragoza;Carbajales de Alba
España;es;Zaragoza;Carbellino
España;es;Zaragoza;Casaseca de Campeán
España;es;Zaragoza;Casaseca de las Chanas
España;es;Zaragoza;Castrillo de la Guareña
España;es;Zaragoza;Castrogonzalo
España;es;Zaragoza;Castronuevo
España;es;Zaragoza;Castroverde de Campos
España;es;Zaragoza;Cazurra
España;es;Zaragoza;Cerecinos de Campos
España;es;Zaragoza;Cerecinos del Carrizal
España;es;Zaragoza;Cernadilla
España;es;Zaragoza;Cobreros
España;es;Zaragoza;Coomonte
España;es;Zaragoza;Coreses
España;es;Zaragoza;Corrales
España;es;Zaragoza;Cotanes del Monte
España;es;Zaragoza;Cubillos
España;es;Zaragoza;Cubo de Benavente
España;es;Zaragoza;Cubo de Tierra del Vino (El)
España;es;Zaragoza;Cuelgamures
España;es;Zaragoza;Entrala
España;es;Zaragoza;Espadañedo
España;es;Zaragoza;Faramontanos de Tábara
España;es;Zaragoza;Fariza
España;es;Zaragoza;Fermoselle
España;es;Zaragoza;Ferreras de Abajo
España;es;Zaragoza;Ferreras de Arriba
España;es;Zaragoza;Ferreruela
España;es;Zaragoza;Figueruela de Arriba
España;es;Zaragoza;Fonfría
España;es;Zaragoza;Fresno de la Polvorosa
España;es;Zaragoza;Fresno de la Ribera
España;es;Zaragoza;Fresno de Sayago
España;es;Zaragoza;Friera de Valverde
España;es;Zaragoza;Fuente Encalada
España;es;Zaragoza;Fuentelapeña
España;es;Zaragoza;Fuentes de Ropel
España;es;Zaragoza;Fuentesaúco
España;es;Zaragoza;Fuentesecas
España;es;Zaragoza;Fuentespreadas
España;es;Zaragoza;Galende
España;es;Zaragoza;Gallegos del Pan
España;es;Zaragoza;Gallegos del Río
España;es;Zaragoza;Gamones
España;es;Zaragoza;Gema
España;es;Zaragoza;Granja de Moreruela
España;es;Zaragoza;Granucillo
España;es;Zaragoza;Guarrate
España;es;Zaragoza;Hermisende
España;es;Zaragoza;Hiniesta (La)
España;es;Zaragoza;Jambrina
España;es;Zaragoza;Justel
España;es;Zaragoza;Losacino
España;es;Zaragoza;Losacio
España;es;Zaragoza;Lubián
España;es;Zaragoza;Luelmo
España;es;Zaragoza;Maderal (El)
España;es;Zaragoza;Madridanos
España;es;Zaragoza;Mahide
España;es;Zaragoza;Maire de Castroponce
España;es;Zaragoza;Malva
España;es;Zaragoza;Manganeses de la Lampreana
España;es;Zaragoza;Manganeses de la Polvorosa
España;es;Zaragoza;Manzanal de Arriba
España;es;Zaragoza;Manzanal de los Infantes
España;es;Zaragoza;Manzanal del Barco
España;es;Zaragoza;Matilla de Arzón
España;es;Zaragoza;Matilla la Seca
España;es;Zaragoza;Mayalde
España;es;Zaragoza;Melgar de Tera
España;es;Zaragoza;Micereces de Tera
España;es;Zaragoza;Milles de la Polvorosa
España;es;Zaragoza;Molacillos
España;es;Zaragoza;Molezuelas de la Carballeda
España;es;Zaragoza;Mombuey
España;es;Zaragoza;Monfarracinos
España;es;Zaragoza;Montamarta
España;es;Zaragoza;Moral de Sayago
España;es;Zaragoza;Moraleja de Sayago
España;es;Zaragoza;Moraleja del Vino
España;es;Zaragoza;Morales de Rey
España;es;Zaragoza;Morales de Toro
España;es;Zaragoza;Morales de Valverde
España;es;Zaragoza;Morales del Vino
España;es;Zaragoza;Moralina
España;es;Zaragoza;Moreruela de los Infanzones
España;es;Zaragoza;Moreruela de Tábara
España;es;Zaragoza;Muelas de los Caballeros
España;es;Zaragoza;Muelas del Pan
España;es;Zaragoza;Muga de Sayago
España;es;Zaragoza;Navianos de Valverde
España;es;Zaragoza;Olmillos de Castro
España;es;Zaragoza;Otero de Bodas
España;es;Zaragoza;Pajares de la Lampreana
España;es;Zaragoza;Palacios de Sanabria
España;es;Zaragoza;Palacios del Pan
España;es;Zaragoza;Pedralba de la Pradería
España;es;Zaragoza;Pego (El)
España;es;Zaragoza;Peleagonzalo
España;es;Zaragoza;Peleas de Abajo
España;es;Zaragoza;Peñausende
España;es;Zaragoza;Peque
España;es;Zaragoza;Perdigón (El)
España;es;Zaragoza;Pereruela
España;es;Zaragoza;Perilla de Castro
España;es;Zaragoza;Pías
España;es;Zaragoza;Piedrahita de Castro
España;es;Zaragoza;Pinilla de Toro
España;es;Zaragoza;Pino del Oro
España;es;Zaragoza;Piñero (El)
España;es;Zaragoza;Pobladura de Valderaduey
España;es;Zaragoza;Pobladura del Valle
España;es;Zaragoza;Porto
España;es;Zaragoza;Pozoantiguo
España;es;Zaragoza;Pozuelo de Tábara
España;es;Zaragoza;Prado
España;es;Zaragoza;Puebla de Sanabria
España;es;Zaragoza;Pueblica de Valverde
España;es;Zaragoza;Quintanilla de Urz
España;es;Zaragoza;Quintanilla del Monte
España;es;Zaragoza;Quintanilla del Olmo
España;es;Zaragoza;Quiruelas de Vidriales
España;es;Zaragoza;Rabanales
España;es;Zaragoza;Rábano de Aliste
España;es;Zaragoza;Requejo
España;es;Zaragoza;Revellinos
España;es;Zaragoza;Riofrío de Aliste
España;es;Zaragoza;Rionegro del Puente
España;es;Zaragoza;Roales
España;es;Zaragoza;Robleda-Cervantes
España;es;Zaragoza;Roelos de Sayago
España;es;Zaragoza;Rosinos de la Requejada
España;es;Zaragoza;Salce
España;es;Zaragoza;Samir de los Caños
España;es;Zaragoza;San Agustín del Pozo
España;es;Zaragoza;San Cebrián de Castro
España;es;Zaragoza;San Cristóbal de Entreviñas
España;es;Zaragoza;San Esteban del Molar
España;es;Zaragoza;San Justo
España;es;Zaragoza;San Martín de Valderaduey
España;es;Zaragoza;San Miguel de la Ribera
España;es;Zaragoza;San Miguel del Valle
España;es;Zaragoza;San Pedro de Ceque
España;es;Zaragoza;San Pedro de la Nave-Almendra
España;es;Zaragoza;San Vicente de la Cabeza
España;es;Zaragoza;San Vitero
España;es;Zaragoza;Santa Clara de Avedillo
España;es;Zaragoza;Santa Colomba de las Monjas
España;es;Zaragoza;Santa Cristina de la Polvorosa
España;es;Zaragoza;Santa Croya de Tera
España;es;Zaragoza;Santa Eufemia del Barco
España;es;Zaragoza;Santa María de la Vega
España;es;Zaragoza;Santa María de Valverde
España;es;Zaragoza;Santibáñez de Tera
España;es;Zaragoza;Santibáñez de Vidriales
España;es;Zaragoza;Santovenia
España;es;Zaragoza;Sanzoles
España;es;Zaragoza;Tábara
España;es;Zaragoza;Tapioles
España;es;Zaragoza;Toro
España;es;Zaragoza;Torre del Valle (La)
España;es;Zaragoza;Torregamones
España;es;Zaragoza;Torres del Carrizal
España;es;Zaragoza;Trabazos
España;es;Zaragoza;Trefacio
España;es;Zaragoza;Uña de Quintana
España;es;Zaragoza;Vadillo de la Guareña
España;es;Zaragoza;Valcabado
España;es;Zaragoza;Valdefinjas
España;es;Zaragoza;Valdescorriel
España;es;Zaragoza;Vallesa de la Guareña
España;es;Zaragoza;Vega de Tera
España;es;Zaragoza;Vega de Villalobos
España;es;Zaragoza;Vegalatrave
España;es;Zaragoza;Venialbo
España;es;Zaragoza;Vezdemarbán
España;es;Zaragoza;Vidayanes
España;es;Zaragoza;Videmala
España;es;Zaragoza;Villabrázaro
España;es;Zaragoza;Villabuena del Puente
España;es;Zaragoza;Villadepera
España;es;Zaragoza;Villaescusa
España;es;Zaragoza;Villafáfila
España;es;Zaragoza;Villaferrueña
España;es;Zaragoza;Villageriz
España;es;Zaragoza;Villalazán
España;es;Zaragoza;Villalba de la Lampreana
España;es;Zaragoza;Villalcampo
España;es;Zaragoza;Villalobos
España;es;Zaragoza;Villalonso
España;es;Zaragoza;Villalpando
España;es;Zaragoza;Villalube
España;es;Zaragoza;Villamayor de Campos
España;es;Zaragoza;Villamor de los Escuderos
España;es;Zaragoza;Villanázar
España;es;Zaragoza;Villanueva de Azoague
España;es;Zaragoza;Villanueva de Campeán
España;es;Zaragoza;Villanueva de las Peras
España;es;Zaragoza;Villanueva del Campo
España;es;Zaragoza;Villar de Fallaves
España;es;Zaragoza;Villar del Buey
España;es;Zaragoza;Villaralbo
España;es;Zaragoza;Villardeciervos
España;es;Zaragoza;Villardiegua de la Ribera
España;es;Zaragoza;Villárdiga
España;es;Zaragoza;Villardondiego
España;es;Zaragoza;Villarrín de Campos
España;es;Zaragoza;Villaseco del Pan
España;es;Zaragoza;Villavendimio
España;es;Zaragoza;Villaveza de Valverde
España;es;Zaragoza;Villaveza del Agua
España;es;Zaragoza;Viñas
España;es;Zaragoza;Zamora
España;es;Zaragoza;Abanto
España;es;Ceuta;Acered
España;es;Ceuta;Agón
España;es;Ceuta;Aguarón
España;es;Ceuta;Aguilón
España;es;Ceuta;Ainzón
España;es;Ceuta;Aladrén
España;es;Ceuta;Alagón
España;es;Ceuta;Alarba
España;es;Ceuta;Alberite de San Juan
España;es;Ceuta;Albeta
España;es;Ceuta;Alborge
España;es;Ceuta;Alcalá de Ebro
España;es;Ceuta;Alcalá de Moncayo
España;es;Ceuta;Alconchel de Ariza
España;es;Ceuta;Aldehuela de Liestos
España;es;Ceuta;Alfajarín
España;es;Ceuta;Alfamén
España;es;Ceuta;Alforque
España;es;Ceuta;Alhama de Aragón
España;es;Ceuta;Almochuel
España;es;Ceuta;Almolda (La)
España;es;Ceuta;Almonacid de la Cuba
España;es;Ceuta;Almonacid de la Sierra
España;es;Ceuta;Almunia de Doña Godina (La)
España;es;Ceuta;Alpartir
España;es;Ceuta;Ambel
España;es;Ceuta;Anento
España;es;Ceuta;Aniñón
España;es;Ceuta;Añón de Moncayo
España;es;Ceuta;Aranda de Moncayo
España;es;Ceuta;Arándiga
España;es;Ceuta;Ardisa
España;es;Ceuta;Ariza
España;es;Ceuta;Artieda
España;es;Ceuta;Asín
España;es;Ceuta;Atea
España;es;Ceuta;Ateca
España;es;Ceuta;Azuara
España;es;Ceuta;Badules
España;es;Ceuta;Bagüés
España;es;Ceuta;Balconchán
España;es;Ceuta;Bárboles
España;es;Ceuta;Bardallur
España;es;Ceuta;Belchite
España;es;Ceuta;Belmonte de Gracián
España;es;Ceuta;Berdejo
España;es;Ceuta;Berrueco
España;es;Ceuta;Biel
España;es;Ceuta;Bijuesca
España;es;Ceuta;Biota
España;es;Ceuta;Bisimbre
España;es;Ceuta;Boquiñeni
España;es;Ceuta;Bordalba
España;es;Ceuta;Borja
España;es;Ceuta;Botorrita
España;es;Ceuta;Brea de Aragón
España;es;Ceuta;Bubierca
España;es;Ceuta;Bujaraloz
España;es;Ceuta;Bulbuente
España;es;Ceuta;Bureta
España;es;Ceuta;Burgo de Ebro (El)
España;es;Ceuta;Buste (El)
España;es;Ceuta;Cabañas de Ebro
España;es;Ceuta;Cabolafuente
España;es;Ceuta;Cadrete
España;es;Ceuta;Calatayud
España;es;Ceuta;Calatorao
España;es;Ceuta;Calcena
España;es;Ceuta;Calmarza
España;es;Ceuta;Campillo de Aragón
España;es;Ceuta;Carenas
España;es;Ceuta;Cariñena
España;es;Ceuta;Caspe
España;es;Ceuta;Castejón de Alarba
España;es;Ceuta;Castejón de las Armas
España;es;Ceuta;Castejón de Valdejasa
España;es;Ceuta;Castiliscar
España;es;Ceuta;Cervera de la Cañada
España;es;Ceuta;Cerveruela
España;es;Ceuta;Cetina
España;es;Ceuta;Chiprana
España;es;Ceuta;Chodes
España;es;Ceuta;Cimballa
España;es;Ceuta;Cinco Olivas
España;es;Ceuta;Clarés de Ribota
España;es;Ceuta;Codo
España;es;Ceuta;Codos
España;es;Ceuta;Contamina
España;es;Ceuta;Cosuenda
España;es;Ceuta;Cuarte de Huerva
España;es;Ceuta;Cubel
España;es;Ceuta;Cuerlas (Las)
España;es;Ceuta;Daroca
España;es;Ceuta;Ejea de los Caballeros
España;es;Ceuta;Embid de Ariza
España;es;Ceuta;Encinacorba
España;es;Ceuta;Épila
España;es;Ceuta;Erla
España;es;Ceuta;Escatrón
España;es;Ceuta;Fabara
España;es;Ceuta;Farlete
España;es;Ceuta;Fayón
España;es;Ceuta;Fayos (Los)
España;es;Ceuta;Figueruelas
España;es;Ceuta;Fombuena
España;es;Ceuta;Frago (El)
España;es;Ceuta;Frasno (El)
España;es;Ceuta;Fréscano
España;es;Ceuta;Fuendejalón
España;es;Ceuta;Fuendetodos
España;es;Ceuta;Fuentes de Ebro
España;es;Ceuta;Fuentes de Jiloca
España;es;Ceuta;Gallocanta
España;es;Ceuta;Gallur
España;es;Ceuta;Gelsa
España;es;Ceuta;Godojos
España;es;Ceuta;Gotor
España;es;Ceuta;Grisel
España;es;Ceuta;Grisén
España;es;Ceuta;Herrera de los Navarros
España;es;Ceuta;Ibdes
España;es;Ceuta;Illueca
España;es;Ceuta;Isuerre
España;es;Ceuta;Jaraba
España;es;Ceuta;Jarque
España;es;Ceuta;Jaulín
España;es;Ceuta;Joyosa (La)
España;es;Ceuta;Lagata
España;es;Ceuta;Langa del Castillo
España;es;Ceuta;Layana
España;es;Ceuta;Lécera
España;es;Ceuta;Lechón
España;es;Ceuta;Leciñena
España;es;Ceuta;Letux
España;es;Ceuta;Litago
España;es;Ceuta;Lituénigo
España;es;Ceuta;Lobera de Onsella
España;es;Ceuta;Longares
España;es;Ceuta;Longás
España;es;Ceuta;Lucena de Jalón
España;es;Ceuta;Luceni
España;es;Ceuta;Luesia
España;es;Ceuta;Luesma
España;es;Ceuta;Lumpiaque
España;es;Ceuta;Luna
España;es;Ceuta;Maella
España;es;Ceuta;Magallón
España;es;Ceuta;Mainar
España;es;Ceuta;Malanquilla
España;es;Ceuta;Maleján
España;es;Ceuta;Mallén
España;es;Ceuta;Malón
España;es;Ceuta;Maluenda
España;es;Ceuta;Manchones
España;es;Ceuta;Mara
España;es;Ceuta;María de Huerva
España;es;Ceuta;Marracos
España;es;Ceuta;Mediana de Aragón
España;es;Ceuta;Mequinenza
España;es;Ceuta;Mesones de Isuela
España;es;Ceuta;Mezalocha
España;es;Ceuta;Mianos
España;es;Ceuta;Miedes de Aragón
España;es;Ceuta;Monegrillo
España;es;Ceuta;Moneva
España;es;Ceuta;Monreal de Ariza
España;es;Ceuta;Monterde
España;es;Ceuta;Montón
España;es;Ceuta;Morata de Jalón
España;es;Ceuta;Morata de Jiloca
España;es;Ceuta;Morés
España;es;Ceuta;Moros
España;es;Ceuta;Moyuela
España;es;Ceuta;Mozota
España;es;Ceuta;Muel
España;es;Ceuta;Muela (La)
España;es;Ceuta;Munébrega
España;es;Ceuta;Murero
España;es;Ceuta;Murillo de Gállego
España;es;Ceuta;Navardún
España;es;Ceuta;Nigüella
España;es;Ceuta;Nombrevilla
España;es;Ceuta;Nonaspe
España;es;Ceuta;Novallas
España;es;Ceuta;Novillas
España;es;Ceuta;Nuévalos
España;es;Ceuta;Nuez de Ebro
España;es;Ceuta;Olvés
España;es;Ceuta;Orcajo
España;es;Ceuta;Orera
España;es;Ceuta;Orés
España;es;Ceuta;Oseja
España;es;Ceuta;Osera de Ebro
España;es;Ceuta;Paniza
España;es;Ceuta;Paracuellos de Jiloca
España;es;Ceuta;Paracuellos de la Ribera
España;es;Ceuta;Pastriz
España;es;Ceuta;Pedrola
España;es;Ceuta;Pedrosas (Las)
España;es;Ceuta;Perdiguera
España;es;Ceuta;Piedratajada
España;es;Ceuta;Pina de Ebro
España;es;Ceuta;Pinseque
España;es;Ceuta;Pintanos (Los)
España;es;Ceuta;Plasencia de Jalón
España;es;Ceuta;Pleitas
España;es;Ceuta;Plenas
España;es;Ceuta;Pomer
España;es;Ceuta;Pozuel de Ariza
España;es;Ceuta;Pozuelo de Aragón
España;es;Ceuta;Pradilla de Ebro
España;es;Ceuta;Puebla de Albortón
España;es;Ceuta;Puebla de Alfindén (La)
España;es;Ceuta;Puendeluna
España;es;Ceuta;Purujosa
España;es;Ceuta;Quinto
España;es;Ceuta;Remolinos
España;es;Ceuta;Retascón
España;es;Ceuta;Ricla
España;es;Ceuta;Romanos
España;es;Ceuta;Rueda de Jalón
España;es;Ceuta;Ruesca
España;es;Ceuta;Sabiñán
España;es;Ceuta;Sádaba
España;es;Ceuta;Salillas de Jalón
España;es;Ceuta;Salvatierra de Esca
España;es;Ceuta;Samper del Salz
España;es;Ceuta;San Martín de la Virgen de Moncayo
España;es;Ceuta;San Mateo de Gállego
España;es;Ceuta;Santa Cruz de Grío
España;es;Ceuta;Santa Cruz de Moncayo
España;es;Ceuta;Santa Eulalia de Gállego
España;es;Ceuta;Santed
España;es;Ceuta;Sástago
España;es;Ceuta;Sediles
España;es;Ceuta;Sestrica
España;es;Ceuta;Sierra de Luna
España;es;Ceuta;Sigüés
España;es;Ceuta;Sisamón
España;es;Ceuta;Sobradiel
España;es;Ceuta;Sos del Rey Católico
España;es;Ceuta;Tabuenca
España;es;Ceuta;Talamantes
España;es;Ceuta;Tarazona
España;es;Ceuta;Tauste
España;es;Ceuta;Terrer
España;es;Ceuta;Tierga
España;es;Ceuta;Tobed
España;es;Ceuta;Torralba de los Frailes
España;es;Ceuta;Torralba de Ribota
España;es;Ceuta;Torralbilla
España;es;Ceuta;Torrehermosa
España;es;Ceuta;Torrelapaja
España;es;Ceuta;Torrellas
España;es;Ceuta;Torres de Berrellén
España;es;Ceuta;Torrijo de la Cañada
España;es;Ceuta;Tosos
España;es;Ceuta;Trasmoz
España;es;Ceuta;Trasobares
España;es;Ceuta;Uncastillo
España;es;Ceuta;Undués de Lerda
España;es;Ceuta;Urrea de Jalón
España;es;Ceuta;Urriés
España;es;Ceuta;Used
España;es;Ceuta;Utebo
España;es;Ceuta;Val de San Martín
España;es;Ceuta;Valdehorna
España;es;Ceuta;Valmadrid
España;es;Ceuta;Valpalmas
España;es;Ceuta;Valtorres
España;es;Ceuta;Velilla de Ebro
España;es;Ceuta;Velilla de Jiloca
España;es;Ceuta;Vera de Moncayo
España;es;Ceuta;Vierlas
España;es;Ceuta;Villadoz
España;es;Ceuta;Villafeliche
España;es;Ceuta;Villafranca de Ebro
España;es;Ceuta;Villalba de Perejil
España;es;Ceuta;Villalengua
España;es;Ceuta;Villamayor de Gállego
España;es;Ceuta;Villanueva de Gállego
España;es;Ceuta;Villanueva de Huerva
España;es;Ceuta;Villanueva de Jiloca
España;es;Ceuta;Villar de los Navarros
España;es;Ceuta;Villarreal de Huerva
España;es;Ceuta;Villarroya de la Sierra
España;es;Ceuta;Villarroya del Campo
España;es;Ceuta;Vilueña (La)
España;es;Ceuta;Vistabella
España;es;Ceuta;Zaida (La)
España;es;Ceuta;Zaragoza
España;es;Ceuta;Zuera